Titre,Type de Contrat,Expérience Requise
"chargé e de recrutement  casablanca maroc","cdi","De 1 à 3 ans"
"chargé de conduite dactivité hf  casablanca maroc","cdi","Moins 1 an"
"chargée de support informatique hf parfaitement bilingue  casablanca maroc","cdi","Moins 1 an"
"ingénieur devops cloud hf  casablanca maroc","cdi","De 5 à 10 ans"
"chargée de paie expérimenté  rabat maroc","cdi","De 3 à 5 ans"
"chargée administratifve  casablanca maroc","cdd","Moins 1 an"
"comptable hf  casablanca maroc","cdi","De 1 à 3 ans"
"responsable service fidélisation  rétention  secteur assurance  hf  casablanca maroc","cdi","De 3 à 5 ans"
"junior data analyst  casablanca maroc","cdi","De 3 à 5 ans"
"technicien porsche  bentley  casablanca maroc","cdi","Moins 1 an"
